################# General info,,,,,,,,,,,,,,,,,,,,,,,,,,,,,,,,,,,,,,,,,,,,,,,,,
"# article: Provenance analysis of the Voirons Flysch (Gurnigel nappe, Haute-Savoie, France): Stratigraphic and paleogeographic implications",,,,,,,,,,,,,,,,,,,,,,,,,,,,,,,,,,,,,,,,,,,,,,,,,
# journal name: International Journal of Earth-Sciences,,,,,,,,,,,,,,,,,,,,,,,,,,,,,,,,,,,,,,,,,,,,,,,,,
"# author: Ragusa J, Kindler P, Segvic B and Ospina-Ostios LM",,,,,,,,,,,,,,,,,,,,,,,,,,,,,,,,,,,,,,,,,,,,,,,,,
# affiliation: University of Geneva,,,,,,,,,,,,,,,,,,,,,,,,,,,,,,,,,,,,,,,,,,,,,,,,,
# description: SEM-EDS tourmaline geochemistry from the Voirons Flysch. Data include element and calculated oxide composition,,,,,,,,,,,,,,,,,,,,,,,,,,,,,,,,,,,,,,,,,,,,,,,,,
sample,type,confidence,O,Mg,Al,Si,Fe,Na,Ca,Ag,As,Ba,C,Cd,Co,Cr,Cs,Cu,Dy,Eu,Ga,Ge,Hf,I,Ir,K,La,Lu,Nb,Os,P,Pr,Re,Rh,Ru,Sb,Sc,Sm,Sr,Tb,Te,Th,Ti,U,V,Y,Yb,Zn,Zr
JR349,tourmaline,"92,59","31,17","7,36","32,26","29,37","5,26","3,34",0,0,0,0,0,"2,59",0,0,0,0,"4,65",0,0,0,0,0,0,0,0,0,0,0,0,0,0,0,0,0,0,0,0,0,0,0,0,0,0,0,0,0,0
JR349,tourmaline,"93,86","36,59","4,95","35,91","26,89","7,9",0,0,0,0,0,0,0,0,0,0,0,0,0,0,0,0,0,0,0,0,0,0,0,0,0,0,0,0,0,0,0,0,0,0,0,0,0,0,0,"5,09",0,0
JR349,tourmaline,"92,61","31,48","6,13",31,"28,6","11,63","2,2",0,0,0,0,0,0,0,0,0,0,0,0,0,0,0,0,0,0,0,0,0,0,0,0,0,0,0,0,0,0,0,0,0,0,0,0,0,0,0,0,0
JR349,tourmaline,"93,52","30,82","5,01","31,77","32,11","12,89","2,3",0,0,0,0,0,0,0,0,0,0,0,0,0,0,0,0,0,0,0,"2,28",0,0,0,0,0,0,0,0,0,0,0,0,0,0,0,0,0,0,0,0,0
JR349,tourmaline,"93,5","29,06","7,41","33,58","32,49","9,2",0,0,0,0,0,0,"2,68",0,0,0,0,0,0,0,0,0,0,0,0,0,0,0,0,0,0,0,0,0,0,0,0,0,0,0,0,"2,85",0,0,0,0,0,0
JR349,tourmaline,"93,48","32,14","5,89","32,75","29,37","8,7",0,0,0,0,0,0,0,0,0,0,"2,12",0,0,0,0,0,0,0,0,0,0,0,0,0,0,0,"2,46",0,0,0,0,0,0,0,0,0,0,0,0,0,0,0
JR349,tourmaline,"91,06","30,41","6,09","29,07","26,63","9,75","3,86",0,"3,7",0,0,0,0,0,0,0,0,0,0,0,0,0,0,0,0,0,0,0,0,0,0,0,0,0,0,0,0,0,0,0,0,0,0,0,0,0,0,0
JR349,tourmaline,"93,06","31,95","7,53",29,"30,26","10,81","2,35",0,0,0,0,0,0,"2,32",0,0,0,0,0,0,0,0,0,0,0,0,0,0,0,0,0,0,0,0,0,0,0,0,0,0,0,0,0,0,0,0,0,0
JR349,tourmaline,"93,94","35,88","7,27","29,34","27,4","5,94",0,0,0,0,0,0,0,0,0,0,0,0,0,0,0,0,0,0,0,0,0,0,0,0,0,0,0,0,0,0,0,0,0,0,0,0,0,"2,18",0,0,0,0
JR349,tourmaline,"93,68","32,72","4,38","37,3","20,95","7,61","2,5",0,0,0,0,0,0,0,0,0,0,0,0,0,0,0,0,0,0,0,0,0,0,0,0,0,0,0,0,0,0,"11,26",0,0,0,0,0,0,0,0,0,0
JR349,schorl,"91,7","39,11","2,81","32,24","26,12","12,96",0,0,0,0,0,0,0,0,0,0,0,0,0,0,0,0,0,0,0,0,0,0,0,0,0,0,0,0,0,0,0,0,0,0,0,0,0,0,0,0,0,0
JR349,schorl,"93,58","32,07",0,"33,09","27,93","13,03","2,21",0,0,0,0,0,0,0,0,0,0,0,0,0,0,0,0,"3,85",0,0,0,0,0,0,0,0,0,0,0,0,0,0,0,0,0,"2,42",0,0,0,0,0,0
JR349,schorl,"93,75","39,06","2,95","37,15","23,87","13,34","2,8",0,0,0,0,0,0,0,0,0,0,0,0,0,0,0,0,0,0,0,0,0,0,0,0,0,0,0,0,0,0,0,0,0,0,0,0,0,0,0,0,0
JR349,schorl,"92,82","34,44","3,37","31,79","27,24","16,24",0,0,0,0,0,0,0,0,0,0,0,0,0,0,0,0,0,0,0,0,0,0,0,0,0,0,"2,25",0,0,0,0,0,0,0,0,0,0,0,0,0,0,0
JR349,schorl,"92,76","36,06","2,16","32,23","28,76","14,59",0,0,0,0,0,0,0,0,0,0,0,0,0,0,0,0,0,0,0,0,0,0,0,0,0,0,0,0,0,0,0,0,0,0,0,0,0,0,0,0,0,0
JR349,schorl,"93,53","33,35",0,"31,67","26,9","15,22",0,0,0,0,0,0,0,0,0,0,"2,11",0,0,0,0,0,0,0,0,0,0,0,0,0,0,0,0,0,0,0,0,0,0,0,0,0,0,0,0,0,0,0
JR349,schorl,"93,82","28,39",0,"34,14","28,85","19,07",0,0,0,0,0,0,0,0,0,0,0,0,0,0,0,0,0,0,0,0,0,0,0,0,0,0,0,0,0,0,0,0,0,0,0,0,0,0,0,0,0,0
JR349,schorl,"93,84","36,11","2,06","34,72","29,72","12,05",0,0,0,0,0,0,0,0,0,0,0,0,0,0,0,0,0,0,0,0,0,0,0,0,0,0,0,0,0,0,0,0,0,0,0,0,0,0,0,0,0,0
JR349,schorl,"92,24","38,18","3,82",31,"27,18","16,72",0,0,0,0,0,0,0,0,0,0,0,0,0,0,0,0,0,0,0,0,0,0,0,0,0,0,0,0,0,0,0,0,0,0,0,0,0,0,0,0,0,0
JR349,schorl,"92,97","31,54","3,34","31,76","24,58","12,85","2,47",0,0,0,0,0,0,0,0,0,0,0,0,0,0,0,0,0,0,0,0,0,0,0,0,0,0,0,0,0,0,0,0,0,0,0,0,0,0,"5,07",0,0
JR349,dravite,"94,61","32,22","11,97","32,26","28,64",0,0,"2,86",0,0,0,0,0,0,0,0,0,0,0,0,0,0,0,0,0,0,0,0,0,0,0,0,0,0,0,0,0,0,0,0,0,0,0,0,0,0,0,0
JR349,dravite,"93,21","36,05","11,18","29,74","32,6","4,07",0,"2,85",0,0,0,0,0,0,0,0,0,0,0,0,0,0,0,0,0,0,0,0,0,0,0,0,0,0,0,0,0,0,0,0,0,0,0,0,0,0,0,0
JR349,dravite,"93,4","30,97","10,85","31,44","26,16","3,08",0,0,0,0,0,0,0,0,0,0,0,0,0,"4,49",0,0,0,0,0,0,0,0,0,0,0,0,0,0,0,0,"3,25",0,0,0,0,0,0,0,"2,14",0,0,0
JR349,dravite,"92,96","26,72","9,22","31,36","32,54","3,21",0,0,0,0,0,0,0,0,0,0,0,0,0,"3,31",0,0,0,0,0,"2,19",0,0,0,0,0,0,0,0,0,0,0,0,0,"2,24",0,0,0,0,0,0,0,0
JR349,dravite,"92,91","34,12","8,67","31,08","29,18","4,44",0,0,0,0,0,0,0,0,0,0,0,0,0,0,0,0,0,0,0,0,0,0,0,0,0,0,"2,8",0,0,0,0,0,0,0,0,0,0,0,0,0,0,0
JR349,dravite,"94,74","34,68","7,46","36,03","29,11","2,02","4,92",0,0,0,0,0,0,0,0,0,0,0,0,0,0,0,0,0,0,0,0,0,0,0,0,0,0,0,0,0,0,0,0,0,0,0,0,0,0,0,0,0
JR349,dravite,"93,56","34,78","10,06","33,17","29,26",0,"3,08",0,0,0,0,0,0,0,0,0,0,0,0,0,0,0,0,0,0,0,0,0,0,0,0,0,0,"2,32",0,0,0,0,0,0,0,0,0,0,0,0,0,0
JR349,dravite,"94,84","33,84","10,43","34,14","30,05","2,57","2,8",0,0,0,0,0,0,0,0,0,0,0,0,0,0,0,0,0,0,0,0,0,0,0,0,0,0,0,0,0,0,0,0,0,0,0,0,0,0,0,0,0
JR349,dravite,"94,16","33,13","11,79","31,62","28,73","4,56",0,0,0,0,0,0,0,0,0,0,0,0,0,0,0,0,0,0,0,0,0,0,0,0,0,0,0,0,0,0,0,0,0,0,0,0,0,0,0,0,0,0
JR349,dravite,"94,13","29,99","9,92","36,23","28,98",0,0,0,0,0,0,0,0,0,0,0,0,0,0,0,0,0,0,0,0,0,0,0,0,0,0,0,0,0,0,0,0,0,0,0,0,0,0,0,0,"4,93",0,0
JR331,tourmaline,"93,89","34,3","6,14","34,22","27,68","7,33","3,97",0,0,0,0,0,0,0,0,0,0,0,0,0,0,0,0,0,0,0,0,0,0,0,0,0,0,0,0,0,0,0,0,0,0,0,"2,56",0,0,0,0,0
JR331,tourmaline,"93,35","32,33","7,23","30,95","31,1","6,96",0,0,0,0,0,0,0,0,0,0,"2,88",0,0,0,0,0,0,0,0,0,0,0,0,0,0,0,0,"2,86",0,0,0,0,0,0,0,0,0,0,0,0,0,0
JR331,tourmaline,"94,37","32,72","6,59","35,72","31,75","6,97","3,91",0,0,0,0,0,0,0,0,0,0,0,0,0,0,0,0,0,0,0,0,0,0,0,0,0,0,0,0,0,0,0,0,0,0,0,0,0,0,0,0,0
JR331,tourmaline,"91,68","32,12","6,54","27,31","26,6","19,53",0,"2,06",0,0,0,0,0,0,0,0,0,0,0,0,0,0,0,0,0,0,0,0,0,0,0,0,0,0,0,0,0,0,0,0,0,0,0,0,0,0,0,0
JR331,tourmaline,"93,64","34,27","5,73","36,34","27,33","6,33",0,0,0,0,0,0,0,0,0,0,0,0,0,0,0,0,0,0,0,0,0,0,0,0,0,0,0,0,"4,63",0,0,0,"4,21",0,0,0,0,0,0,0,0,0
JR331,tourmaline,"92,23","34,05","8,58","29,95","28,74","7,35",0,"5,61",0,0,0,0,0,0,0,0,0,0,0,0,0,0,0,0,0,0,0,0,0,0,0,0,0,0,0,0,0,0,0,0,0,0,0,0,0,0,0,0
JR331,tourmaline,"93,97","34,92","5,49","35,47","29,29","7,87","2,44",0,0,0,0,0,0,0,0,0,0,0,0,0,0,0,0,0,0,0,0,0,0,0,0,0,0,0,0,0,0,0,0,0,0,0,0,0,0,0,0,0
JR331,tourmaline,"93,25","29,87","7,69","33,19","29,37","6,3","3,16",0,0,0,"4,37",0,0,0,0,0,0,0,0,0,0,0,0,0,0,0,0,0,0,0,0,0,0,0,0,0,0,0,0,0,0,0,0,0,0,0,0,0
JR331,tourmaline,"92,55","31,41","9,73","31,07","26,56","8,22",0,"3,6",0,0,0,0,"3,47",0,0,0,0,0,0,0,0,0,0,0,0,0,0,0,0,0,0,0,0,0,0,0,0,0,0,0,0,0,0,0,0,0,0,0
JR331,tourmaline,"94,04","35,32","9,86","30,93","29,92","7,54",0,0,0,0,0,0,0,0,0,0,0,0,0,0,0,0,0,0,0,0,0,0,0,0,0,0,0,0,0,0,0,0,0,0,0,0,0,0,0,0,0,0
JR331,schorl,"91,66","34,17","2,37","27,53","25,83","16,74",0,0,0,0,0,0,0,0,0,0,0,0,0,"4,23",0,0,0,0,0,0,0,0,0,0,0,0,0,0,0,0,0,0,0,0,0,0,0,0,0,0,0,0
JR331,schorl,"92,17","35,9","2,18","34,66","26,46","15,39",0,0,0,0,0,0,0,0,0,0,0,0,0,0,0,0,0,0,0,0,0,0,0,0,0,0,0,0,0,0,0,0,0,0,0,0,0,0,0,0,0,0
JR331,schorl,"93,89","37,35",0,"32,49","32,62","15,95",0,0,0,0,0,0,0,0,0,0,0,0,0,0,0,0,0,0,0,0,0,0,0,0,0,0,0,0,0,0,0,0,0,0,0,0,0,0,0,0,0,"2,19"
JR331,schorl,"93,02","37,03",0,"24,93","24,93","28,11","22,54",0,0,0,0,0,0,0,0,0,0,0,0,0,0,0,0,0,0,0,0,0,0,0,0,0,0,0,0,0,0,0,0,0,0,0,0,0,0,0,0,0
JR331,schorl,"93,72","30,67","2,49","34,34","31,48","12,19","2,19","2,3",0,0,0,0,0,0,0,0,0,0,0,0,0,0,0,0,0,0,0,0,0,0,0,0,0,0,0,0,0,0,0,0,0,0,0,0,0,0,0,0
JR331,schorl,"92,45","28,93","2,7","30,69","29,88","12,31",0,0,0,0,"2,65",0,0,0,0,0,0,0,0,0,0,0,0,0,0,0,"4,16",0,0,0,0,0,0,0,0,0,0,0,0,0,0,0,0,0,0,0,0,0
JR331,schorl,"94,01","38,03",0,"32,04","29,21","16,26",0,0,0,0,0,0,0,0,0,0,"2,79",0,0,0,0,0,0,0,0,0,0,0,0,0,0,0,0,0,0,0,0,0,0,0,0,0,0,0,0,0,0,0
JR331,dravite,"93,19","27,4","11,05","31,03","31,62",0,0,"2,93",0,0,0,0,0,0,0,0,0,0,0,0,0,0,0,0,0,0,0,"2,59",0,0,"4,74",0,0,0,0,0,0,0,0,0,0,0,0,0,0,0,0,0
JR331,dravite,"94,71","39,33","7,8","31,72","28,67","3,68","3,12",0,0,0,0,0,0,0,0,0,0,0,0,0,0,0,0,0,0,0,0,0,0,0,0,0,0,0,0,0,0,0,0,0,0,0,0,0,0,0,0,"2,58"
JR331,dravite,93,"35,77","12,35","26,68","28,29",0,"3,42","3,43","2,19",0,0,0,0,0,0,0,0,0,0,0,0,0,0,0,0,0,"3,25",0,0,0,0,0,0,0,0,0,0,0,0,0,0,0,0,0,0,0,0,0
JR341,tourmaline,"93,39","31,73","7,09","34,67","30,54","9,75",0,0,0,0,0,0,0,0,0,0,0,0,0,0,0,0,0,0,0,0,0,0,0,0,0,0,0,0,0,0,0,0,0,0,0,0,0,0,0,0,0,0
JR341,tourmaline,"93,53","28,83","6,47","37,53","27,05","9,95",0,0,0,0,0,0,0,0,0,0,0,0,0,0,0,0,0,0,0,0,0,0,0,0,0,0,0,0,0,0,0,0,0,0,0,0,0,0,"4,22",0,0,0
JR341,tourmaline,"93,27","43,72","4,71","31,17","30,04","4,7",0,0,0,0,0,0,0,0,0,0,0,0,0,0,"2,42",0,0,0,0,0,0,0,0,0,0,0,0,0,0,0,0,0,0,0,0,0,0,0,0,0,0,0
JR341,tourmaline,"93,59","32,74","5,12","32,19","30,18","13,61",0,0,0,0,0,0,0,0,0,0,0,0,0,0,0,0,0,0,0,0,0,0,0,0,0,0,0,0,0,0,0,0,0,0,0,0,0,0,0,"3,02",0,0
JR341,tourmaline,"92,3","30,25","6,03","33,84","27,85","9,93",0,0,0,0,0,0,0,0,0,0,0,0,0,0,0,0,0,0,0,0,"4,28",0,0,0,0,0,0,0,0,0,0,0,0,0,0,0,0,0,0,0,0,0
JR341,tourmaline,"91,4","28,62","5,57","32,11","30,47","7,63",0,0,0,0,0,0,0,0,0,0,0,0,0,0,0,0,0,0,0,0,0,0,0,0,0,0,0,0,0,0,0,0,0,0,0,0,"4,75",0,0,0,0,0
JR341,tourmaline,"93,44","35,19","6,96","35,31","27,56","8,43","2,58",0,0,0,0,0,0,0,0,0,0,0,0,0,0,0,0,0,0,0,0,0,0,0,0,0,0,0,0,0,0,0,0,0,0,0,0,0,0,0,0,0
JR341,tourmaline,"91,45","35,89","6,25","33,58","28,9","7,75",0,"2,12",0,0,0,"2,68",0,0,0,0,0,0,0,0,0,0,0,0,0,0,0,0,0,0,0,0,0,0,0,0,0,0,0,0,0,0,0,0,0,0,0,0
JR341,tourmaline,"92,67","37,62","5,79","33,79","27,66","7,47","3,4",0,0,0,0,0,0,0,0,0,0,0,0,0,0,0,0,0,0,0,0,0,0,0,0,0,0,0,0,0,0,0,0,0,0,0,0,0,0,0,0,0
JR341,tourmaline,"91,96","31,65","6,37","32,93","31,41","8,1","4,63",0,0,0,"2,2",0,0,0,0,0,0,0,0,0,0,0,0,0,0,0,0,0,0,0,0,0,0,0,0,0,0,0,0,0,0,0,0,0,0,0,0,0
JR341,schorl,"92,45","30,46","2,35","31,83","29,68","13,67","2,28",0,0,0,0,0,0,0,0,0,0,0,0,0,0,0,0,0,0,0,0,0,0,0,0,0,0,0,0,0,0,0,0,0,0,0,0,0,0,0,0,0
JR341,schorl,"93,28","28,7","4,09","31,14","30,55","16,35","4,31",0,0,0,0,0,0,0,0,0,0,0,0,0,0,0,0,0,0,0,0,0,0,0,0,0,0,0,0,0,0,0,0,0,0,0,0,0,0,0,0,0
JR341,schorl,"94,63","36,14","2,79","35,45","27,98","12,43",0,0,0,0,0,0,0,0,0,0,0,0,0,0,0,0,0,0,0,0,0,0,0,0,0,0,0,0,0,0,0,0,"4,86",0,0,0,0,0,0,0,0,0
JR341,schorl,93,"35,58",0,"29,57","28,61","16,01",0,0,0,0,0,0,"3,47",0,0,0,0,0,0,0,0,0,0,0,0,0,0,0,0,0,0,0,0,0,0,0,0,0,0,0,0,0,0,0,0,0,0,0
JR341,schorl,"93,08","31,7",0,"33,65","29,03","11,85",0,0,0,"2,31",0,0,0,0,0,0,0,"5,09",0,0,0,0,0,0,0,0,0,0,0,0,0,0,0,0,0,0,0,0,0,0,0,0,0,0,0,0,0,0
JR341,schorl,93,"39,86",0,"33,44","25,17","14,36",0,0,0,0,0,0,0,0,0,0,0,0,0,0,0,0,0,0,0,0,0,0,0,0,0,0,0,0,0,0,0,0,0,0,0,0,0,0,0,0,0,0
JR341,schorl,"93,67","36,02",0,"34,06","27,05","13,15",0,0,0,0,"2,49",0,0,0,0,0,0,0,0,0,0,0,0,0,0,0,0,0,0,0,0,0,0,0,0,0,0,0,0,0,0,0,0,0,0,0,0,0
JR341,schorl,"91,29","33,12","3,72","28,79","26,24","12,09",0,0,0,0,0,0,0,0,0,0,0,0,0,0,0,0,"2,34",0,0,0,"3,32",0,0,0,0,0,0,0,0,0,0,0,0,0,0,0,0,0,0,0,0,0
JR341,schorl,"92,76","32,91",0,"34,16","26,15","11,63",0,0,0,0,0,0,0,0,0,0,0,0,0,0,0,0,0,0,0,0,0,0,0,0,0,0,0,0,0,0,0,0,0,0,0,0,0,0,0,"4,09",0,0
JR341,schorl,"92,78","32,66",0,"31,46","26,54",14,0,0,0,0,0,0,0,0,0,0,0,0,0,0,0,0,0,0,0,0,0,0,0,0,0,0,0,"2,42",0,0,0,0,0,0,0,0,"2,69",0,0,"2,72",0,0
JR341,dravite,"93,11","31,88","9,2","33,84","26,51","2,26","3,42","4,29",0,0,0,0,0,0,0,0,0,0,0,0,0,0,0,0,0,0,0,0,0,0,0,0,0,0,0,0,0,0,0,0,0,0,0,0,0,0,0,0
JR341,dravite,"93,07","38,59","11,57","33,23","26,67",0,0,"2,43",0,0,0,0,0,0,0,0,0,0,0,0,0,0,0,0,0,0,0,0,0,0,0,0,0,0,0,0,0,0,0,0,0,0,0,0,0,0,0,0
JR341,dravite,"93,33","35,75","8,07","35,83","26,41","2,59","3,54",0,0,0,0,0,0,0,0,0,0,0,0,0,0,0,0,0,0,0,0,0,0,0,0,0,0,0,"2,43",0,0,0,0,0,0,0,0,0,0,0,0,0
JR341,dravite,"93,7","39,17","13,25","32,18","26,28","2,46",0,0,0,0,0,0,0,0,0,0,0,0,0,0,0,0,0,0,0,0,0,0,0,0,0,0,0,0,0,0,0,0,0,0,0,0,0,0,0,0,0,0
JR273,tourmaline,"92,49","36,24","6,99","31,75","28,65","11,31","2,83",0,0,0,0,0,0,0,0,0,0,0,0,0,0,0,0,0,0,0,0,0,0,0,0,0,0,0,0,0,0,0,0,0,0,0,0,0,0,0,0,0
JR273,tourmaline,"91,99","31,89","5,52","31,72","30,65",9,0,"2,82",0,0,3,0,0,0,0,0,0,0,0,0,0,0,0,0,0,0,0,0,0,0,0,0,0,0,0,0,0,0,0,0,0,0,0,0,0,0,0,0
JR273,tourmaline,"91,89","34,09","7,51","32,87","31,58","6,52",0,0,0,0,0,0,0,0,0,0,0,0,0,0,0,0,0,0,0,0,0,0,0,0,0,0,0,0,0,0,0,0,0,0,0,0,0,0,0,0,0,0
JR273,tourmaline,"93,44","39,88","9,67","33,54","27,7","5,26","3,39",0,0,0,0,0,0,0,0,0,0,0,0,0,0,0,0,0,0,0,0,0,0,0,0,0,0,0,0,0,0,0,0,0,0,0,0,0,0,0,0,0
JR273,tourmaline,"90,74","36,65","7,3","29,03","27,37","7,99","2,24","2,43",0,0,0,0,0,0,0,0,0,0,0,0,0,0,0,0,0,0,0,0,0,0,0,0,0,0,0,0,0,0,0,0,0,0,0,0,0,0,0,0
JR273,tourmaline,"93,71","35,04","5,2","33,28","27,47","9,45","2,46",0,0,0,0,0,0,0,0,0,0,0,0,0,0,0,0,0,0,0,0,0,0,"2,42",0,0,0,0,0,0,0,0,0,0,0,0,0,0,0,0,0,0
JR273,tourmaline,"93,44","36,55","7,1","33,86","33,23","8,02",0,0,0,0,0,0,0,0,0,0,0,0,0,0,0,0,0,0,0,0,0,0,0,0,0,0,0,0,0,0,0,0,0,0,0,0,0,0,0,0,0,0
JR273,tourmaline,"92,25","32,68","5,06","31,89","26,26","13,08",0,0,0,0,0,0,0,0,0,0,0,0,0,0,0,0,0,0,0,0,0,0,0,0,0,0,0,0,0,0,0,0,0,0,0,0,0,0,0,0,0,0
JR273,tourmaline,"93,45","29,4","7,9","33,28","32,2","9,97","2,29",0,0,0,0,0,0,0,0,0,0,0,0,0,0,0,0,0,0,0,0,0,0,0,0,0,0,0,0,0,0,0,0,0,0,0,0,0,0,0,0,0
JR273,tourmaline,"93,8","27,79","5,12","33,63","34,26","7,46","3,33",0,0,0,0,"2,07",0,0,0,0,0,0,0,0,0,0,0,0,0,0,0,0,0,0,0,0,0,0,0,0,0,0,0,0,0,"2,32",0,0,0,0,0,0
JR273,schorl,"91,35","33,6","2,05","28,81","25,36","12,56",0,0,0,0,0,0,0,0,0,0,0,0,0,0,0,0,0,0,0,0,0,0,0,0,0,0,0,0,0,0,0,0,0,0,0,"2,09",0,0,0,"2,74",0,0
JR273,schorl,"91,48","32,54","2,21","36,11","24,21","11,04",0,0,0,0,0,0,0,"2,14",0,0,0,0,0,"3,51",0,0,0,0,0,0,0,0,0,0,0,0,0,0,0,0,0,0,0,0,0,0,0,0,0,0,0,0
JR273,schorl,"92,43","30,64",0,"34,37","26,77","18,07",0,0,"2,63",0,0,0,0,0,0,0,0,0,0,0,0,0,0,0,0,0,0,0,0,0,0,0,0,0,0,0,0,0,0,0,0,0,0,0,0,0,0,0
JR273,schorl,"93,39","35,22",0,"35,76","29,42","15,33",0,0,0,0,0,0,0,0,0,0,0,0,0,0,0,0,0,0,0,0,0,0,0,0,0,0,0,0,0,0,0,0,0,0,0,0,0,0,0,0,0,0
JR273,schorl,"92,55","31,96","4,7","30,08","26,21","16,26",0,0,0,0,0,0,0,"2,8",0,0,0,0,0,0,0,0,0,0,0,0,0,0,0,0,0,0,0,0,0,0,0,0,0,0,0,0,0,0,0,0,0,0
JR273,schorl,"90,75","31,48","3,78","26,89","26,11","17,39","2,61","4,19",0,0,0,0,0,0,0,0,0,0,0,0,"2,76",0,0,0,0,0,0,0,0,0,0,0,0,0,0,0,0,0,0,0,0,0,0,0,0,0,0,0
JR273,schorl,"92,06","38,07",0,"30,53","28,22","14,58","2,27",0,0,"2,25",0,0,0,0,0,0,0,0,0,0,0,0,0,0,0,0,0,0,0,0,0,0,0,0,0,0,0,0,0,0,0,0,0,0,0,0,0,0
JR273,schorl,"92,19","35,26","2,76","33,23","30,64","13,59",0,0,0,0,0,0,0,0,0,0,0,0,0,"3,4",0,0,0,0,0,0,0,0,0,0,0,0,0,0,0,0,0,0,0,0,0,0,0,0,0,0,0,0
JR273,schorl,"93,27","34,81","4,27","33,72","29,39","13,67",0,0,0,0,0,0,0,0,0,0,0,0,0,0,0,0,0,0,0,0,0,0,0,0,0,0,0,0,0,0,0,0,0,0,0,0,0,0,0,0,0,0
JR273,schorl,"91,05","29,58",0,"34,61","21,57","17,21",0,0,0,0,0,0,0,0,0,0,0,0,0,0,0,0,0,0,0,0,0,0,0,0,0,"3,5",0,"2,56",0,0,0,0,0,0,0,0,0,0,0,0,0,0
JR273,dravite,"92,77","30,29","11,09","25,88","28,7",0,0,0,0,0,0,0,0,0,0,0,0,0,0,0,0,0,0,0,0,0,0,"2,54",0,0,0,0,0,0,0,0,0,0,0,0,0,0,0,0,0,0,0,0
JR273,dravite,"93,4","33,83","10,52","33,94","32,87",0,"4,42",0,0,0,0,0,0,0,0,0,0,0,0,0,0,0,0,0,0,0,0,0,0,0,0,0,0,0,0,0,0,0,0,0,0,0,0,0,0,0,0,0
JR273,dravite,"92,26","35,18","10,07","33,72","30,85","3,47",0,"2,27",0,0,0,0,0,0,0,0,0,0,0,0,0,0,0,0,0,0,0,0,0,0,0,0,0,0,0,0,0,0,0,0,0,0,0,0,0,0,0,0
JR273,dravite,94,"39,43","11,1","31,42","33,09",0,"3,05",0,0,0,0,0,0,0,0,0,0,0,0,0,0,0,0,0,0,0,0,0,0,0,0,0,0,0,0,0,0,0,0,0,0,0,0,0,0,0,0,0
JR273,dravite,"94,2","34,72","9,28","34,22","29,2","2,75","4,14",0,0,0,0,"2,11",0,0,0,0,0,0,0,0,0,0,0,0,0,0,0,0,0,0,0,0,0,0,0,0,0,0,0,"2,97",0,0,0,0,0,0,0,0
JR275,tourmaline,"93,71","33,35","8,89","31,64","29,65","7,12","2,8",0,0,0,0,0,0,0,0,0,0,0,0,0,0,0,0,0,0,0,0,0,0,0,0,0,0,0,0,0,0,0,0,0,0,0,0,0,0,0,0,0
JR275,tourmaline,"91,84","35,99","8,51","28,59","25,55","14,14",0,"3,05",0,0,0,0,0,0,0,0,0,0,0,0,0,0,0,0,0,0,0,0,0,0,0,0,0,0,0,0,0,0,0,"3,98",0,0,0,0,0,0,0,0
JR275,tourmaline,"93,06","28,74","7,69","32,88","30,27","9,74","3,17",0,0,0,0,0,0,0,0,0,0,0,0,0,0,0,0,0,0,0,0,0,0,0,0,0,0,0,0,0,0,0,0,0,0,0,0,0,0,0,0,0
JR275,tourmaline,"93,18","33,24","9,79","30,88","31,49","7,73",0,0,0,0,0,0,0,0,0,0,0,0,0,0,0,0,0,0,0,0,0,0,0,0,0,0,0,0,"3,7",0,0,0,0,0,0,0,0,0,0,0,"2,23",0
JR275,tourmaline,"92,67","30,55","8,32","33,73","330,42","8,34","5,17",0,0,0,0,0,0,0,0,0,0,0,0,0,0,0,0,0,0,0,0,0,0,0,0,0,0,0,0,0,0,0,0,0,0,0,0,0,0,0,0,0
JR275,tourmaline,"91,56","35,86","8,02","27,72","29,38","6,72","5,25",0,0,0,0,"2,58",0,0,0,0,0,0,0,0,0,0,0,0,0,0,0,0,0,0,0,0,0,0,0,0,0,0,0,0,0,0,0,0,0,0,0,0
JR275,tourmaline,"93,58","35,5","5,79","33,41","27,91","5,68",0,0,0,0,0,0,0,0,0,0,0,0,0,0,0,0,0,0,0,0,0,0,0,0,0,0,0,0,0,0,0,0,0,0,0,0,0,0,0,0,0,0
JR275,tourmaline,"92,95","31,86","6,58","34,32","28,97","9,99","3,29",0,0,0,"2,67",0,0,0,0,0,0,0,0,0,0,0,0,0,0,0,0,0,0,0,0,0,0,0,"2,25",0,0,0,0,0,0,0,0,0,0,0,0,0
JR275,tourmaline,"91,42","32,18","7,21","27,14","29,33","6,33",0,0,0,0,0,0,0,0,0,0,0,0,0,0,0,0,0,0,0,0,0,0,0,0,0,0,0,0,0,0,0,0,0,0,0,0,0,0,0,0,0,0
JR275,tourmaline,"92,91","32,28","6,62","30,83","31,61","5,18",0,0,0,0,0,0,0,0,0,0,0,0,0,0,0,0,0,0,0,0,0,0,0,0,0,0,0,0,0,0,0,0,0,0,0,0,0,0,0,0,0,0
JR275,schorl,"92,9","29,18","3,4",31,"29,34","10,43",0,0,0,0,0,0,0,0,0,"3,27",0,0,0,0,0,0,0,0,0,0,0,0,"4,73",0,0,0,0,0,0,0,0,0,0,0,0,0,0,0,0,0,0,0
JR275,schorl,"90,05","27,42",0,"32,35","27,39","21,09",0,0,0,0,0,0,0,0,0,0,"2,35",0,0,0,0,0,0,0,0,0,0,0,0,0,0,0,0,0,0,0,0,0,"4,58",0,0,0,0,0,0,0,0,0
JR275,schorl,"91,51","26,37","3,04","31,63","26,89","16,66","2,79",0,0,0,0,0,0,0,0,0,0,0,0,0,"2,26",0,0,0,0,0,0,0,0,0,0,0,0,0,0,0,0,0,0,0,0,0,0,0,0,0,0,0
JR275,dravite,"90,52","36,33","9,09","27,15","33,35","4,22",0,0,0,0,0,0,0,0,0,0,0,0,0,0,0,0,0,0,0,0,0,0,0,0,0,0,0,0,0,0,0,0,0,0,0,0,0,0,0,0,0,0
JR275,dravite,"94,72","34,19","10,88","38,06","28,89",0,0,0,0,0,0,0,0,0,0,0,0,0,0,0,0,0,0,0,0,0,0,0,0,0,0,0,0,0,0,0,0,0,0,0,0,0,0,0,0,0,0,0
JR275,dravite,"93,72","33,35","8,59","34,35","28,5",0,"2,7",0,0,0,0,0,0,0,0,0,0,0,0,0,0,0,0,0,0,0,"3,11",0,0,0,0,0,0,0,0,0,0,0,0,0,0,0,0,0,0,0,0,0
JR275,dravite,"93,88","38,02","8,52","31,02","31,61","2,99",0,0,0,0,0,0,0,0,0,0,0,0,0,0,0,0,0,0,0,0,0,0,0,0,0,0,0,0,0,0,0,0,0,0,0,0,0,0,0,0,0,0
JR352,tourmaline,"91,59","30,66","6,3","32,12","27,16","11,25","3,44",0,0,0,0,0,0,0,0,0,0,0,0,0,0,0,0,0,0,0,0,0,"4,1",0,0,0,0,0,0,0,0,0,0,0,0,0,0,0,0,0,0,0
JR352,tourmaline,"92,23","30,67","5,01","28,63","25,51","13,28",0,0,0,0,0,0,0,0,0,0,"3,23",0,0,0,0,0,0,0,0,0,0,0,0,0,0,0,0,0,0,0,0,0,0,0,0,0,0,0,"3,05",0,0,0
JR352,tourmaline,"93,32","32,43","5,77","33,75","30,36","9,77",0,"2,05",0,0,"2,65",0,0,0,0,0,0,0,0,0,0,0,0,0,0,0,0,0,0,0,0,0,0,0,0,0,0,0,0,0,0,0,0,0,0,0,0,0
JR352,tourmaline,"94,46","33,76","5,64","35,36","28,8","8,86","3,49",0,0,0,"3,02",0,0,0,0,0,0,0,0,0,0,0,0,0,0,0,0,0,0,0,0,0,0,0,0,0,0,0,0,0,0,0,0,0,0,0,0,0
JR352,tourmaline,"94,5","33,22","6,71","37,74","31,81","6,14",0,0,0,0,0,0,0,0,0,0,0,0,0,0,0,0,0,0,0,0,0,0,0,0,0,0,0,0,0,0,0,0,0,0,0,0,0,0,0,0,0,0
JR352,tourmaline,"90,68","32,83","6,7","24,37","28,2","14,16",0,0,"3,94",0,0,0,0,0,0,0,0,0,0,0,0,0,0,0,0,0,0,0,0,0,0,0,0,0,0,0,0,0,0,0,0,0,0,0,0,0,0,0
JR352,tourmaline,"92,65","34,88","5,35","35,42","25,83","9,83",0,"3,31",0,0,0,0,0,0,0,0,0,0,0,0,0,0,0,0,0,0,0,0,0,0,0,0,0,0,0,0,0,0,0,0,0,0,0,0,0,0,0,0
JR352,tourmaline,"92,01","38,28","6,35","30,75","28,97","9,37",0,0,0,0,0,0,0,0,0,0,0,0,0,0,0,0,0,0,0,0,0,0,0,0,0,0,0,0,0,0,0,0,0,0,0,0,0,0,0,0,0,0
JR352,tourmaline,"91,62","38,71","5,12","31,24","28,13","8,66",0,0,0,0,0,"2,13",0,0,0,0,0,0,0,0,"3,37",0,0,0,0,0,0,0,0,0,0,0,0,0,0,0,0,0,0,0,0,0,0,0,0,0,0,0
JR352,tourmaline,"94,08","35,26","6,05","32,84","29,46","8,63","2,56",0,0,0,"2,09",0,0,0,0,0,0,0,0,0,0,0,0,0,0,0,0,0,0,0,0,0,0,0,0,0,0,0,0,0,0,0,0,0,0,0,0,0
JR352,schorl,"93,3","31,51",0,"33,71","27,97","16,02",0,0,0,0,0,0,0,0,0,0,0,0,0,0,0,0,0,0,0,0,0,0,"3,08",0,0,0,0,0,0,0,0,0,0,0,0,0,0,0,0,0,0,0
JR352,schorl,"93,03","32,54","2,07","31,91","26,02","21,35","3,11",0,0,0,0,0,0,0,0,0,0,0,0,0,0,0,0,0,0,0,0,0,0,0,0,0,0,0,0,0,0,0,0,0,0,0,0,0,0,0,0,"3,12"
JR352,schorl,"91,3","32,16",0,"30,33","25,19","19,45",0,0,0,0,0,0,0,0,0,0,0,0,0,0,0,0,0,0,0,0,0,0,0,0,0,0,0,"2,15",0,0,0,0,0,0,0,"3,25",0,0,0,0,0,0
JR352,schorl,"93,07","28,92","3,14","33,91","28,69","17,19",0,0,0,0,0,0,0,0,0,0,0,0,0,0,0,0,0,0,0,0,0,0,0,0,0,0,0,3,0,0,0,0,0,0,0,"2,61",0,0,0,0,0,0
JR352,schorl,"92,1","28,84",0,"31,88","30,1","18,86",0,0,0,0,0,"2,05",0,"2,32",0,0,"2,03",0,0,0,0,0,0,0,0,0,0,0,0,0,0,0,0,0,0,0,0,0,0,0,0,0,0,0,0,0,0,0
JR352,schorl,"92,76","32,02","4,48","32,34","25,74","15,66","2,09",0,"2,1",0,0,0,0,0,0,0,0,0,0,0,0,0,0,0,0,0,0,0,0,0,0,0,0,"3,17",0,0,0,0,0,0,0,0,0,0,0,0,0,0
JR352,schorl,"91,11","36,06",0,"27,73","25,36","20,23","2,06",0,0,0,0,0,0,0,0,0,0,0,0,0,"3,39",0,0,0,0,0,0,0,0,0,0,0,0,0,0,0,0,0,0,0,0,"2,27",0,0,0,0,0,0
JR352,schorl,"92,6","33,37",0,"34,38","26,14","19,02",0,0,0,0,0,0,0,0,0,0,0,0,0,0,"2,66",0,0,0,0,0,0,0,0,0,0,0,0,0,0,0,0,0,0,0,0,0,0,0,0,0,0,0
JR352,schorl,"93,57","31,99","3,78","34,53","26,63","1,55",0,0,0,0,"4,42",0,0,0,0,0,0,0,0,0,0,0,0,0,0,0,0,0,0,0,0,0,"2,17",0,0,0,0,0,0,0,0,0,0,0,0,0,0,0
JR352,schorl,"93,08","31,71",0,"34,49","29,47","15,77",0,0,0,0,0,0,0,0,0,0,0,0,0,0,0,0,0,0,0,0,0,0,0,0,0,0,0,0,0,0,0,0,0,0,0,0,0,0,0,0,0,0
JR329,tourmaline,"90,54","32,12","6,12","29,58","27,18","9,66",0,0,0,0,0,"2,67",0,0,0,0,0,0,0,"3,32",0,0,0,0,0,0,0,0,0,0,0,0,0,0,0,0,0,0,0,0,0,0,0,0,0,0,0,0
JR329,tourmaline,"93,14","29,51","5,04","35,82","27,25","8,3",0,0,0,0,0,0,0,0,0,0,0,0,0,0,0,0,0,0,0,0,0,0,0,0,0,0,0,0,0,0,0,0,0,0,0,"4,26",0,0,0,0,0,0
JR329,tourmaline,"93,42","35,12","7,33","37,23","28,52","6,64","2,08",0,0,0,0,0,0,0,0,0,0,0,0,0,0,0,0,0,0,0,0,0,0,0,0,0,0,0,0,0,0,0,0,0,0,0,0,0,0,0,0,0
JR329,tourmaline,"93,4","32,85","6,07",34,"27,8","8,09",0,0,0,0,0,0,0,0,0,0,0,0,0,0,"2,34",0,0,0,0,0,0,0,0,0,0,0,0,"4,23","2,65",0,0,0,0,0,0,0,0,0,0,0,0,0
JR329,tourmaline,94,35,"5,47","34,87","30,56","9,72",0,0,0,0,0,0,0,0,0,0,0,0,0,0,0,0,0,0,0,0,0,0,0,0,0,0,0,0,0,0,0,0,0,0,0,0,0,0,0,0,0,0
JR329,tourmaline,"93,32","30,76","7,79","34,33","27,68","9,83","2,91","2,56",0,0,0,0,0,0,0,0,0,0,0,0,0,0,0,0,0,0,0,0,0,0,0,0,0,0,0,0,0,0,0,0,0,0,0,0,0,0,0,0
JR329,tourmaline,"92,45","35,45","8,15","27,16","27,35","8,19","2,61",0,0,0,0,0,0,0,0,0,0,0,0,0,0,0,0,0,0,0,0,0,0,0,0,0,0,0,0,0,0,0,0,0,0,"2,46",0,0,0,0,0,0
JR329,tourmaline,"92,97","34,02","6,74","32,85","26,74","12,18","2,01",0,0,0,0,0,0,0,0,0,0,0,0,0,0,"3,83",0,0,0,0,0,0,0,0,0,0,0,0,0,0,0,0,0,0,0,0,0,0,0,0,0,0
JR329,tourmaline,"90,98","32,28","5,57","29,53","34,77","16,41",0,0,0,0,0,0,0,0,0,0,0,0,0,0,0,0,0,0,0,0,0,0,0,0,0,0,0,0,0,0,0,0,0,0,0,0,0,0,0,0,0,0
JR329,tourmaline,"92,68","33,3","6,09","30,68","29,44","12,35","2,24",0,0,0,0,0,0,0,0,0,0,0,0,0,0,0,0,0,0,0,0,0,0,0,0,0,0,0,0,0,0,0,0,0,0,0,0,0,0,0,0,0
JR329,schorl,"92,78","34,73","3,81","32,55","29,57","11,54","2,16",0,0,0,0,0,0,0,0,0,0,0,0,0,0,0,0,0,0,0,0,0,0,0,0,0,0,0,"3,51",0,0,0,0,0,0,0,0,0,0,0,0,0
JR329,schorl,"92,53","36,3","2,5","36,02","23,09","16,41",0,0,0,0,0,0,0,0,0,0,0,0,0,0,0,0,0,0,0,0,0,0,0,0,0,0,0,0,0,0,0,0,0,0,0,0,0,0,0,0,0,0
JR329,schorl,"92,92","37,41",0,"35,736","27,88","17,19",0,0,0,0,0,0,0,0,0,0,0,0,0,0,0,0,0,0,0,0,0,0,0,0,0,0,0,0,0,0,0,0,0,0,0,0,0,0,0,0,0,0
JR329,schorl,"92,75","31,12","2,23","35,89","23,37","14,63",0,0,0,0,0,"2,04",0,0,0,0,0,0,0,0,0,0,0,0,0,0,0,0,0,0,0,0,0,0,0,"2,05",0,0,0,0,"4,47",0,0,0,0,0,0,0
JR329,schorl,94,"34,64",0,"32,42","28,59","19,24",0,0,0,0,0,0,0,0,0,0,0,0,0,0,0,0,0,0,0,0,0,0,0,0,0,0,0,"2,39",0,0,0,0,0,0,0,0,0,0,0,0,0,0
JR329,schorl,"93,46","34,64","3,21","35,51","27,3","18,47",0,0,0,0,0,0,0,0,0,0,0,0,0,0,0,0,0,0,0,0,0,0,0,0,0,0,0,0,0,0,0,0,0,0,0,0,0,0,0,0,0,0
JR329,schorl,"93,26","30,67",0,"35,24","26,14","18,65",0,"2,15",0,0,0,0,0,0,0,0,0,0,0,0,0,0,0,0,0,"2,85",0,0,0,0,0,0,0,0,0,0,0,0,0,0,0,0,0,0,0,0,"2,81",0
JR329,schorl,93,"32,6","3,7","30,73","31,75",9,"2,79",0,0,0,0,0,0,0,0,0,0,0,0,0,0,0,0,0,0,0,0,0,0,0,0,0,0,0,0,0,0,0,0,0,0,0,0,0,0,0,0,0
JR329,schorl,"92,42","28,4","2,74","33,48","30,96","15,17",0,0,0,0,0,0,0,0,0,0,0,0,0,"4,91",0,0,0,0,0,0,0,0,0,0,0,0,0,0,0,0,0,0,0,0,0,0,0,0,0,0,0,0
JR329,schorl,"93,11","28,31","4,83","36,99","27,56","10,65",0,0,0,0,0,0,0,0,0,0,0,0,0,0,0,0,0,0,0,0,0,0,0,0,0,0,0,0,0,0,0,0,0,0,0,0,0,0,0,0,0,0
JR329,dravite,"92,38","31,93","11,94","29,02","28,32","2,51",0,"3,52",0,0,0,0,0,0,0,0,"2,71",0,0,0,0,0,0,0,0,0,0,0,0,0,0,0,0,0,"3,37",0,0,0,0,0,0,0,0,0,0,0,0,0
JR329,dravite,"94,02","30,16","9,96","34,88","30,48",0,"3,61","3,71",0,0,0,0,0,0,0,0,0,0,0,0,0,0,0,0,0,0,0,0,0,0,0,0,0,0,0,0,0,0,0,0,0,"2,21",0,0,0,0,0,0
JR329,dravite,"92,42","28,13","6,79","33,67","30,07","3,64",0,"3,89",0,"2,31",0,0,0,0,0,"4,02",0,0,0,0,0,0,0,0,0,0,0,0,0,0,0,0,0,0,0,0,0,0,0,0,0,0,0,0,0,0,0,0
JR329,dravite,"92,54","34,92","13,56","31,41","30,22","2,1",0,"3,89",0,0,0,0,0,0,0,0,0,0,0,0,0,0,0,0,0,0,0,0,0,0,0,0,0,0,0,0,0,0,0,0,0,0,0,0,0,0,0,0
JR330,tourmaline,93,"34,84","6,58","35,35","30,59","8,21",0,0,0,0,0,0,0,0,0,0,0,0,0,0,0,0,0,0,0,0,0,0,0,0,0,0,0,0,0,0,0,0,0,0,0,0,0,0,0,0,0,0
JR330,tourmaline,"93,82","31,47","5,19","35,55","27,46","9,57",0,"2,57",0,0,0,0,0,0,0,0,"2,1",0,0,0,0,0,0,0,0,0,0,0,0,0,0,0,0,0,0,0,0,0,0,0,0,0,0,0,0,0,0,0
JR330,tourmaline,"93,47","27,99","6,78","35,27","31,67","9,25",0,"2,39",0,0,0,0,0,0,0,0,0,0,0,0,0,0,0,0,0,0,0,0,0,0,0,0,0,0,0,0,0,0,0,0,0,0,0,0,0,0,0,0
JR330,tourmaline,"92,05","34,19","4,04","30,32","30,46","11,25",0,0,0,0,0,0,0,0,"2,05",0,0,"2,3",0,0,0,0,0,0,0,0,0,0,0,0,0,0,0,0,0,0,0,0,0,0,0,0,0,0,0,0,0,0
JR330,tourmaline,"93,87","31,02","9,42","36,02","30,52","6,53","2,81",0,0,0,0,0,0,0,0,0,0,0,0,0,0,0,0,0,0,0,0,0,0,0,0,0,0,0,0,0,0,0,0,"2,87",0,0,0,0,0,0,0,0
JR330,tourmaline,"92,43","33,66","8,31","31,6","31,72","6,97",0,0,0,0,0,0,0,0,0,0,0,0,0,0,"2,44",0,0,0,0,0,0,0,0,0,0,0,0,0,0,0,0,0,0,0,0,0,0,0,0,0,0,0
JR330,tourmaline,"93,13","31,54","5,4","29,2","30,64","7,78",0,0,0,0,0,0,0,0,0,0,0,"4,74",0,0,0,0,0,0,0,0,0,0,0,0,0,0,0,0,0,0,0,0,0,0,0,"2,38",0,0,0,0,0,0
JR330,tourmaline,"93,99","35,36",8,"35,89","25,8","6,49","2,21",0,0,0,0,0,0,0,0,0,0,0,0,0,0,0,0,0,0,0,0,0,0,0,0,0,0,0,0,0,0,0,0,0,0,"2,35",0,0,0,0,0,0
JR330,tourmaline,"93,76","36,49",5,"35,28","29,94","7,75",0,0,0,0,0,0,0,0,0,0,0,0,0,0,0,0,0,0,0,0,0,0,0,0,0,0,0,0,0,0,0,0,0,0,0,0,0,0,0,0,0,0
JR330,tourmaline,"93,01","31,09","6,03","35,58","31,37","6,09","3,54",0,0,0,0,0,0,0,0,0,0,0,0,0,0,0,0,0,0,0,0,0,0,0,0,0,0,0,0,0,0,0,0,0,0,0,0,0,0,0,0,0
JR330,schorl,"91,9","33,97","2,39","31,17","29,6","17,17",0,0,0,0,0,0,0,0,0,0,0,0,0,0,0,0,0,0,0,0,0,0,0,0,0,0,0,0,0,0,0,0,0,0,0,0,0,0,0,0,0,0
JR330,schorl,"90,76","34,36","3,46","32,51","30,47","12,37",0,0,0,0,0,0,0,0,0,0,0,0,0,0,0,0,0,0,0,0,0,0,0,0,0,0,0,0,0,0,0,0,0,0,0,0,"5,74",0,0,0,0,0
JR330,schorl,"92,36","37,56","3,47","31,92","27,27","11,51","2,63",0,0,0,0,0,0,0,0,0,0,0,0,0,0,0,0,0,0,0,0,0,0,0,0,0,0,0,0,0,0,0,0,0,0,0,0,0,0,0,0,0
JR330,schorl,"93,1","35,66",0,"37,96","28,9","12,12",0,0,0,0,0,0,0,0,0,0,0,0,0,0,0,0,0,0,0,0,0,0,0,0,0,0,0,0,0,0,0,0,0,0,0,0,0,0,0,0,0,0
JR330,schorl,"91,54","32,07","3,89","32,16","25,01","18,49","3,59",0,0,0,0,0,0,0,0,0,0,0,0,0,0,0,0,0,0,0,0,0,0,0,0,0,0,0,0,0,0,0,0,0,0,0,0,0,0,0,0,0
JR330,schorl,"93,51","35,88","3,29","33,58","28,79","17,49",0,0,0,0,0,0,0,0,0,0,0,0,0,0,0,0,0,0,0,0,0,0,0,0,0,0,0,0,0,0,0,0,0,0,0,0,0,0,0,0,0,0
JR330,schorl,"92,27","32,22","3,58","32,1","29,03","16,86",0,0,0,0,0,0,0,0,0,0,0,0,0,0,0,0,0,0,0,0,0,0,0,0,0,0,0,0,0,0,0,0,0,0,0,0,0,0,0,0,0,0
JR330,schorl,"93,8","33,84","3,23","28,72",31,"15,01","3,75",0,0,0,0,0,0,0,0,0,0,0,0,0,0,0,0,0,0,0,0,0,0,0,0,0,0,0,0,0,0,0,0,0,0,0,0,0,0,0,0,0
JR330,schorl,"90,26","24,79","2,56","23,56","27,2","21,94",0,"2,94",0,0,0,0,0,0,0,0,0,"6,93",0,0,0,0,0,0,0,0,0,0,0,0,0,0,0,0,0,0,0,0,0,0,0,"2,56",0,0,0,0,0,0
JR330,schorl,"92,19","36,57",0,"31,53","30,68","16,11",0,0,0,0,0,0,0,0,0,0,0,0,0,"2,87",0,0,0,0,0,0,0,0,0,0,0,0,0,0,0,0,0,0,0,0,0,0,0,0,0,0,0,0
JR330,dravite,"94,13","36,14","8,73","28,73","31,24","4,58","2,57",0,0,0,0,0,0,0,0,0,0,0,0,0,0,0,0,0,0,0,0,0,0,0,0,0,0,0,0,0,0,0,0,0,0,"2,78",0,0,0,0,0,0
JR330,dravite,"93,32","29,14","12,48","32,69","32,75",0,0,0,0,0,0,0,0,0,0,0,0,0,"4,11",0,0,0,0,0,0,0,0,0,0,0,0,0,0,0,0,0,0,0,0,0,0,0,0,0,0,0,0,0
JR330,dravite,"92,59","40,63","10,01","32,58","27,82",0,0,0,0,0,0,0,0,0,0,0,0,0,0,"2,42",0,0,0,0,0,0,0,0,0,0,0,0,0,0,0,0,0,0,0,0,0,0,0,0,0,0,"3,12",0
JR20,tourmaline,"91,49","29,23","7,12","32,41","29,21","14,38",0,"2,95",0,0,0,0,0,0,0,0,0,0,0,0,0,0,0,0,0,0,0,0,0,0,0,0,0,0,0,0,0,0,0,0,0,"2,51",0,0,0,0,0,0
JR20,tourmaline,"93,32","33,29","6,74","35,28","31,36","6,7",0,"3,04",0,0,0,0,0,0,0,0,0,0,0,0,0,0,0,0,0,0,0,0,0,0,0,0,0,0,0,0,0,0,0,0,0,0,0,"2,28",0,0,0,0
JR20,tourmaline,"91,08","32,98","4,6","28,48","31,07","7,39",0,0,0,0,0,0,0,0,0,0,0,0,0,0,0,0,0,0,0,0,0,0,0,0,0,0,0,0,0,0,0,0,0,0,0,"4,07",0,0,0,"2,84",0,0
JR20,tourmaline,"91,98","29,39","7,28","26,57",31,"11,58",0,"4,54",0,0,0,0,0,0,0,0,0,0,0,0,0,0,0,0,0,0,0,0,0,0,0,0,0,0,0,0,0,0,0,0,0,"2,8",0,0,0,0,0,0
JR20,tourmaline,"91,86","34,92","8,18","30,43","28,57","6,53","2,61",0,0,0,0,0,0,0,0,0,0,0,0,0,0,0,0,0,0,0,0,0,0,0,0,0,0,0,0,0,0,0,0,0,0,0,0,0,0,0,0,0
JR20,tourmaline,"91,56","29,74","7,21","25,61","34,31","12,36",0,"3,38",0,0,0,0,0,0,0,0,0,0,0,0,0,0,0,0,0,0,0,0,0,0,0,0,0,0,0,0,0,0,0,0,0,0,0,0,0,0,0,0
JR20,tourmaline,"93,59","33,79","8,35","38,58","26,67","10,6",0,0,0,0,0,0,0,0,0,0,0,0,0,0,0,0,0,0,0,0,0,0,0,0,0,0,0,0,0,0,0,0,0,0,0,0,0,0,0,0,0,0
JR20,tourmaline,"92,5","33,68","6,62","36,23","26,96","10,44",0,0,0,0,0,0,0,0,0,0,0,0,0,0,0,0,0,0,0,0,0,0,0,0,0,0,0,0,0,0,0,0,0,"3,19",0,"2,21",0,0,0,0,0,0
JR20,tourmaline,"92,15","33,38","7,13","31,76","28,58","9,64",2,"2,29",0,0,0,0,0,0,0,0,0,0,0,0,0,0,0,0,0,0,0,0,0,0,0,0,0,0,0,0,0,0,0,0,0,0,0,0,0,0,0,"2,11"
JR20,tourmaline,"92,07","30,07","9,4","29,39","30,79","5,02","5,14",0,0,"2,43",0,0,0,0,0,0,0,0,0,0,0,0,0,0,0,0,0,0,0,0,0,0,0,0,0,0,0,0,0,0,0,0,0,0,0,0,0,0
JR20,schorl,"90,99","32,73",0,"32,78","27,34","15,58",0,0,0,0,0,0,0,0,0,0,0,0,0,0,0,0,0,0,0,0,0,0,0,0,0,0,0,0,0,0,0,0,0,0,0,0,0,0,"4,8",0,0,0
JR20,schorl,"92,29","34,26",3,"34,73","29,33","12,16","3,47",0,0,0,0,0,0,0,0,0,0,0,0,0,0,0,0,0,0,0,0,0,0,0,0,0,0,0,0,0,0,0,0,0,0,0,0,0,0,0,0,0
JR20,schorl,"93,98","36,05","3,49","32,86","29,49","12,61","2,09",0,0,0,0,0,0,0,0,0,0,0,"3,4",0,0,0,0,0,0,0,0,0,0,0,0,0,0,0,0,0,0,0,0,0,0,0,0,0,0,0,0,0
JR20,schorl,"91,4","35,4","2,42","31,35","29,19","14,42","3,24",0,0,0,0,0,0,0,0,0,0,0,0,0,0,0,0,0,0,0,0,0,0,0,0,0,0,0,0,0,0,0,0,0,0,0,0,0,0,0,0,0
JR20,schorl,"93,01","34,36","2,75","34,02","29,1","12,39",0,0,0,0,0,0,0,0,0,0,0,0,0,0,0,0,0,0,0,0,0,0,0,0,0,0,0,0,0,0,0,0,0,0,"3,67","2,32",0,0,0,0,0,0
JR20,schorl,"91,53","28,68","2,44","31,79","31,85","10,32",0,0,0,0,0,0,0,0,0,0,"3,25","6,67",0,0,0,0,0,0,0,0,0,0,0,0,0,0,0,0,0,0,0,0,0,"3,27",0,0,0,0,0,0,0,0
JR20,schorl,"92,07","28,64",0,"37,39","27,75","15,69",0,0,0,0,"3,13",0,0,0,0,0,0,"6,67",0,0,0,0,0,0,0,0,0,0,0,0,0,0,0,0,0,0,0,0,0,0,0,0,0,0,0,0,0,0
JR20,schorl,"90,9","33,23",0,"29,68","26,24","14,71",0,0,0,0,"2,37","4,19",0,0,0,0,0,0,0,0,0,0,0,0,0,0,0,0,0,0,0,0,0,0,0,0,0,0,0,0,0,0,0,0,0,0,0,0
JR20,schorl,"91,3","33,03","2,95","35,09","26,86","15,45","2,24",0,0,0,0,0,0,0,0,0,0,0,0,0,0,0,0,0,0,0,0,0,0,0,0,0,0,0,0,0,0,0,0,0,0,0,0,0,0,0,0,0
JR20,schorl,"93,27","31,41","4,25","34,41","27,44",0,0,0,0,0,0,0,0,0,0,0,0,0,0,"2,41",0,0,0,0,0,0,"4,35",0,0,0,0,0,0,0,0,0,0,0,0,0,0,0,0,0,0,0,0,0
JR20,dravite,"93,15","31,58","10,52","33,88","23,82","2,52",0,0,0,0,0,0,0,0,0,0,0,0,0,0,0,0,0,0,0,0,0,0,0,0,0,0,0,0,0,0,0,"11,99",0,0,0,0,0,0,0,0,0,0
JR21,tourmaline,"92,84","32,23","5,82","35,12","27,52","7,24",0,0,0,0,"2,16",0,0,0,0,0,0,0,0,0,"3,32",0,0,0,0,0,0,0,0,0,0,0,0,0,0,0,0,0,0,0,0,0,0,0,0,0,0,0
JR21,tourmaline,"90,9","30,67","8,43","31,16","31,56","6,68",0,0,0,0,0,0,0,0,0,0,0,0,0,0,0,0,0,0,0,0,0,0,0,0,0,0,0,0,0,0,0,0,0,0,0,"2,49",0,0,0,0,"2,18",0
JR21,tourmaline,"91,36","37,33","7,13","28,22","26,27","13,51",0,0,0,0,0,0,0,0,0,0,0,0,0,0,0,0,0,0,0,0,0,0,0,0,0,0,0,0,0,0,0,0,0,0,0,0,0,0,0,0,0,0
JR21,tourmaline,"92,54","24,72","6,65","32,29","31,52","8,93",0,"2,91",0,0,"7,01",0,0,0,0,0,0,0,0,0,0,0,0,0,0,0,0,0,0,0,0,0,0,0,0,0,0,0,0,0,0,0,0,0,0,0,0,0
JR21,tourmaline,"92,77","32,55","6,56","34,12","33,46","10,17","3,06","2,6",0,0,0,0,0,0,0,0,0,0,0,0,0,0,0,0,0,0,0,0,0,0,0,0,0,0,0,0,0,0,0,0,0,0,0,0,0,0,0,0
JR21,tourmaline,"90,22","29,6","7,1","29,11","30,96","12,88","3,87",0,0,0,0,0,0,0,0,0,0,0,0,0,0,0,0,0,0,0,0,0,0,0,0,0,0,0,0,0,0,0,0,0,0,"2,45",0,0,0,0,0,0
JR21,tourmaline,"93,19","29,51","7,45","36,92","33,11","11,13","2,61",0,0,0,0,0,0,0,0,0,0,0,0,0,0,0,0,0,0,0,0,0,0,0,0,0,0,0,0,0,0,0,0,0,0,0,0,0,0,0,0,0
JR21,tourmaline,"93,34","33,74","7,7","30,39","33,61","12,8",0,0,0,0,0,0,0,0,0,0,0,0,0,0,0,0,0,0,0,0,0,0,0,0,0,0,0,0,0,0,0,0,0,0,0,0,0,0,0,0,0,0
JR21,tourmaline,"91,17","29,16","6,33","26,59","31,01","10,25","2,76",0,0,0,0,0,0,0,0,0,0,"6,16",0,0,0,0,0,0,"2,97",0,0,0,0,"2,1",0,0,0,0,0,0,0,0,0,0,0,0,0,0,0,0,0,0
JR21,tourmaline,"90,7","30,89","5,5","29,99","24,18",154,"3,05","3,56",0,0,0,0,0,0,0,0,0,0,0,0,0,0,0,0,0,0,0,0,0,0,0,0,0,0,0,0,0,0,0,0,0,0,0,0,0,0,0,0
JR21,schorl,"90,78","25,75","4,76","29,46","27,89","18,71",0,0,0,"2,75",0,0,0,0,0,"3,17",0,0,0,0,0,0,0,0,0,0,0,0,0,0,0,0,0,0,0,0,0,0,0,0,0,0,0,0,"3,71",0,0,0
JR21,schorl,"91,83","31,49","2,26","33,18","27,32","13,4",0,0,0,0,0,0,0,0,0,0,0,0,0,0,0,0,0,0,0,0,0,0,0,0,0,0,0,0,0,0,0,0,0,"4,21",0,0,0,0,"2,05",0,0,0
JR21,schorl,"92,14","32,09","3,2","35,15","27,1","13,05",0,0,0,0,"3,63",0,0,0,0,0,0,0,0,"2,17",0,0,0,0,0,0,0,0,0,0,0,0,0,0,0,0,0,0,0,0,0,0,0,0,0,0,0,0
JR21,schorl,"92,38","25,83",0,"34,05","27,22","14,85","3,19",0,0,0,0,0,0,0,0,0,0,"9,37",0,0,0,0,0,0,0,0,0,0,0,0,0,0,0,0,0,0,0,0,0,0,0,0,0,0,0,0,0,0
JR21,schorl,"90,21","32,43",0,"33,56","23,6","9,28","2,48",0,0,0,0,0,0,0,0,0,0,"11,94",0,0,"4,03",0,0,0,0,0,0,0,0,0,0,0,0,0,0,0,0,0,0,0,0,0,0,0,0,0,0,0
JR21,schorl,"92,21","40,83",0,"34,28","24,81","14,75",0,0,0,0,0,0,0,0,0,0,0,0,0,0,0,0,0,0,0,0,0,0,0,0,0,0,0,0,0,0,0,0,0,0,0,0,0,0,0,0,0,0
JR21,schorl,"92,87","36,74","4,67","37,12","30,77","10,96",0,0,0,0,0,0,0,0,0,0,0,0,0,0,0,0,0,0,0,0,0,0,0,0,0,0,0,0,0,0,0,0,0,0,0,0,0,0,0,0,0,0
JR21,schorl,"91,38","33,4",0,"33,47","28,3","14,6","3,36",0,0,0,0,"2,45",0,0,0,0,0,0,0,0,0,0,0,0,0,0,0,0,0,0,0,0,0,0,0,0,0,0,0,0,0,0,0,0,0,0,0,0
JR21,schorl,"91,56","31,9","2,37","34,74","28,14","17,67",0,0,0,0,0,0,0,0,0,"2,82",0,0,0,0,0,0,0,0,0,0,0,0,0,0,0,0,0,0,0,0,0,0,0,0,0,0,0,0,0,0,0,0
JR21,schorl,"91,26","35,41","4,25","34,35","28,67","10,33",0,0,0,0,0,0,0,0,0,0,0,0,0,0,0,0,0,0,0,0,0,0,0,0,0,0,0,0,0,0,0,0,0,0,0,0,0,0,0,0,0,0
JR21,dravite,"91,46","33,45","8,14","32,74","30,12",0,"3,46",0,0,0,"2,81",0,0,0,0,0,0,0,0,0,0,0,0,0,0,0,0,0,0,0,0,0,0,0,0,0,0,0,0,0,0,0,0,0,0,0,0,0
JR21,dravite,"90,67","31,74","10,24","34,32","27,6","3,88","2,21",0,0,0,0,"2,11",0,0,0,0,0,0,0,0,0,0,0,0,0,0,0,0,0,0,0,0,0,0,0,0,0,0,0,0,0,0,0,0,0,"2,93",0,0
JR278,tourmaline,"92,58","30,78","6,19","26,95","27,39","11,05","2,57",0,0,0,0,0,0,0,0,0,0,"5,41",0,0,0,0,0,0,0,0,0,0,0,0,0,0,0,0,0,0,0,0,0,0,0,"2,57",0,0,"4,44",0,0,0
JR278,tourmaline,"92,35","34,75","5,54","33,68","23,95","6,69",0,"2,39",0,0,0,0,0,0,0,0,0,0,0,0,0,0,0,0,0,0,"4,88",0,0,0,0,0,0,0,0,0,0,0,0,0,0,0,0,0,0,0,0,0
JR278,tourmaline,"93,02","29,24","4,98","32,14","34,26","7,59",0,0,0,0,0,0,0,0,0,0,0,0,0,0,0,0,0,0,0,0,0,0,0,0,0,0,0,0,0,0,0,0,0,0,0,0,0,0,0,0,"4,18",0
JR278,tourmaline,"91,19","32,85","7,75","29,35","27,44","8,29","3,32",0,0,0,0,"2,07",0,0,0,0,0,0,0,0,0,0,0,0,"2,08",0,0,0,0,0,0,0,0,0,0,0,0,0,0,0,0,0,0,0,0,0,0,"2,7"
JR278,tourmaline,"89,74","30,52","6,67","28,02","25,52","13,22","4,03",0,0,0,0,0,0,0,0,0,0,0,0,0,0,0,0,0,0,0,0,0,0,0,0,0,0,"2,62",0,0,0,0,0,"4,9",0,0,0,0,0,0,0,0
JR278,tourmaline,"92,08","32,59","6,66","32,55","25,21","11,49",0,0,0,0,"6,52",0,0,0,0,0,0,0,0,0,0,0,0,0,0,0,0,0,0,0,0,0,0,0,0,0,0,0,0,0,0,0,0,0,0,0,0,0
JR278,tourmaline,"93,54","33,31","6,19","35,37","26,48",9,0,0,0,0,0,0,"2,02",0,0,0,"2,03",0,0,0,0,0,0,0,0,0,0,0,0,0,0,0,0,0,0,0,0,0,0,0,0,0,0,0,0,0,0,0
JR278,tourmaline,"93,23","24,97","7,68","34,65","31,38","8,63","2,92",0,0,0,0,0,0,0,0,0,0,0,0,0,0,0,0,0,0,0,0,0,0,0,0,0,0,0,0,0,0,0,0,"4,97",0,0,0,0,0,0,0,0
JR278,tourmaline,"90,01","30,39","5,01","31,41","29,56","12,38",0,"2,56",0,0,0,0,0,0,0,0,0,0,0,0,0,0,0,0,0,0,0,0,0,0,0,0,0,0,0,"2,27",0,0,0,0,0,"2,14",0,0,0,0,"2,71",0
JR278,tourmaline,"91,51","30,58","5,89","31,9","29,99","9,36","2,65","2,93",0,0,0,0,0,0,0,0,0,0,0,0,0,0,0,0,0,0,0,0,0,0,0,0,0,0,0,0,0,0,0,0,0,"2,12",0,0,0,0,0,0
JR278,schorl,"92,47","32,31","3,6","32,23","28,51","18,51","2,12",0,0,0,0,0,0,0,0,0,0,0,0,0,0,0,0,0,0,0,0,0,0,0,0,0,0,0,0,0,0,0,0,0,0,0,0,0,0,0,0,0
JR278,schorl,"91,3","28,42","2,49","32,24","24,95","13,27",0,0,0,0,0,0,0,0,0,0,0,0,0,0,0,0,0,0,0,0,0,0,0,0,0,0,"2,47",0,0,0,0,0,0,0,0,0,0,0,0,"2,16",0,0
JR278,schorl,"90,14","31,3","2,26","29,29","28,03","17,07",0,0,0,0,0,0,0,0,0,0,0,0,0,0,0,0,0,0,0,0,0,0,0,0,0,0,0,0,0,0,0,0,0,0,0,"3,11",0,0,0,"2,88",0,0
JR278,schorl,"90,37","32,6",3,"35,2","27,78","13,7",0,0,0,0,0,"3,22",0,0,0,0,0,0,0,0,0,0,0,0,0,0,0,0,0,0,0,0,0,0,0,0,0,0,0,0,0,0,0,0,0,0,0,0
JR278,schorl,"93,28","29,23","3,98","34,86","29,33","9,77","2,3",0,0,0,0,0,0,0,0,0,0,0,0,0,0,0,0,0,0,0,0,0,0,0,0,0,0,0,0,0,0,0,0,0,0,0,0,0,0,0,0,0
JR278,schorl,"90,91","34,66","2,91","35,02","22,28","14,16",0,0,0,0,0,0,0,0,0,0,0,0,0,0,0,0,0,0,0,0,0,0,0,0,0,0,0,0,0,0,0,0,0,0,0,0,0,0,"2,88","2,2",0,0
JR278,schorl,"92,95","34,68","4,6","30,72","31,66","15,44",0,0,0,0,0,0,0,0,0,0,0,0,0,0,0,0,0,0,0,0,0,0,0,0,0,0,0,0,0,0,0,0,0,0,0,0,0,0,0,0,0,0
JR278,schorl,"91,78","32,77","3,72","35,93","25,16","16,82",0,0,0,0,0,0,0,0,0,0,0,0,0,0,0,0,0,0,0,0,0,0,0,0,0,0,0,0,0,0,0,0,0,0,0,0,0,0,0,0,0,0
JR278,schorl,"91,8","27,63",0,"33,68","28,86","15,75",0,"3,9",0,0,0,0,0,0,0,0,0,0,0,0,"5,05",0,0,0,0,0,0,0,0,0,0,0,0,0,0,0,0,0,0,0,0,"3,18",0,0,0,0,0,0
JR278,schorl,"92,23","29,58",0,"33,32","28,61","17,6","2,63",0,0,0,0,0,0,0,0,0,0,0,0,0,0,0,0,0,0,0,0,0,0,0,0,0,0,0,0,0,0,0,0,0,0,0,0,0,0,"3,51",0,0
JR278,dravite,"92,3","29,51","8,23","30,86","30,95","4,31",0,"3,31",0,0,0,0,"2,93",0,0,0,0,0,0,0,0,0,0,0,0,0,0,0,0,0,0,0,0,0,0,0,0,0,0,0,0,0,0,0,0,0,0,0
JR278,dravite,"92,64","31,42","9,11","36,78","32,92",0,0,"3,36",0,0,0,0,0,0,0,0,0,0,0,0,0,0,0,0,0,0,0,0,0,0,"3,39",0,0,0,0,0,0,0,0,0,0,0,0,0,0,0,0,0
JR278,dravite,"93,1","36,54","9,23","31,66","33,49","2,96",0,0,0,0,0,0,0,0,0,0,0,0,0,0,0,0,0,0,0,0,0,0,0,0,0,0,0,0,0,0,0,0,0,0,0,0,0,0,0,0,"3,45",0
JR278,dravite,"93,15","36,8","11,88","32,55","29,8",0,0,0,"2,11",0,0,"2,22",0,0,0,0,0,0,0,0,0,0,0,0,0,0,0,0,0,0,0,0,0,0,0,0,0,0,0,0,0,0,0,0,0,0,0,0
JR278,dravite,"91,34","29,69","13,92","29,77","33,5",0,0,"3,43",0,0,0,0,0,0,0,3,"2,35",0,0,0,0,0,0,0,0,0,0,0,0,0,0,0,0,0,0,0,0,0,0,0,0,0,0,0,0,0,0,0
JR278,dravite,"92,63","32,73","14,33","30,21","34,04",0,0,0,0,0,0,0,0,0,0,0,0,0,0,0,0,0,0,0,0,0,0,0,0,0,0,0,0,0,0,0,0,0,0,0,0,0,0,0,0,0,"3,41",0
JR278,dravite,"93,61","29,59","10,5","39,2","29,12",0,"2,41",0,0,0,0,0,0,0,0,0,0,0,0,0,0,0,0,0,0,0,0,0,0,0,0,0,0,0,0,0,0,0,0,0,0,0,0,0,0,0,0,0
JR278,dravite,"91,75","30,31","7,52","31,97","32,61","3,23",0,0,0,0,0,0,0,0,0,0,0,0,0,0,0,0,0,0,0,0,0,0,0,0,0,0,0,0,0,0,0,0,0,"5,85",0,0,0,0,0,0,"3,94",0
JR278,dravite,"93,4","29,89","10,56","33,04","34,26","2,79","3,36","2,31",0,0,0,0,0,0,0,0,0,0,0,0,0,0,0,0,0,0,0,0,0,0,0,0,0,0,0,0,0,0,0,0,0,0,0,0,0,0,0,0
